{"mean":{"confidence_interval":{"confidence_level":0.95,"lower_bound":5620906.776083331,"upper_bound":5624383.807638886},"point_estimate":5622739.886666668,"standard_error":882.9241419665001},"median":{"confidence_interval":{"confidence_level":0.95,"lower_bound":5621204.333333333,"upper_bound":5625206.277777778},"point_estimate":5623447.277777778,"standard_error":1006.4290900393366},"median_abs_dev":{"confidence_interval":{"confidence_level":0.95,"lower_bound":5494.153089125584,"upper_bound":9232.808969418285},"point_estimate":6935.932143528949,"standard_error":936.5786405874267},"slope":null,"std_dev":{"confidence_interval":{"confidence_level":0.95,"lower_bound":6230.36474406438,"upper_bound":12024.899447049802},"point_estimate":8885.608641648052,"standard_error":1616.0200566556402}}