{"mean":{"confidence_interval":{"confidence_level":0.95,"lower_bound":0.00022304538759662675,"upper_bound":0.005082807698628455},"point_estimate":0.00280268975713982,"standard_error":0.0012343680172952822},"median":{"confidence_interval":{"confidence_level":0.95,"lower_bound":0.00255486532182303,"upper_bound":0.004161288752521086},"point_estimate":0.003442212600547334,"standard_error":0.0005720281083567375}}