{"mean":{"confidence_interval":{"confidence_level":0.95,"lower_bound":64660665.376,"upper_bound":64937928.45525},"point_estimate":64798953.71,"standard_error":70993.76172324791},"median":{"confidence_interval":{"confidence_level":0.95,"lower_bound":64534173.0,"upper_bound":65044230.0},"point_estimate":64730185.0,"standard_error":126936.45770198708},"median_abs_dev":{"confidence_interval":{"confidence_level":0.95,"lower_bound":667979.4877409935,"upper_bound":1001227.1903246641},"point_estimate":819223.2175558805,"standard_error":86395.1987290578},"slope":null,"std_dev":{"confidence_interval":{"confidence_level":0.95,"lower_bound":634784.1016666665,"upper_bound":779928.1557703704},"point_estimate":712725.457590184,"standard_error":36786.912211782284}}