{"mean":{"confidence_interval":{"confidence_level":0.95,"lower_bound":64998688.786249995,"upper_bound":65282732.35},"point_estimate":65138967.95,"standard_error":72378.61228395703},"median":{"confidence_interval":{"confidence_level":0.95,"lower_bound":64921376.0,"upper_bound":65268588.0},"point_estimate":65062440.5,"standard_error":91817.16154015418},"median_abs_dev":{"confidence_interval":{"confidence_level":0.95,"lower_bound":538519.599339366,"upper_bound":912252.6594042778},"point_estimate":701795.3692406416,"standard_error":96982.37445426019},"slope":null,"std_dev":{"confidence_interval":{"confidence_level":0.95,"lower_bound":620237.8378044846,"upper_bound":841877.4538400782},"point_estimate":732096.399334992,"standard_error":56793.62283247439}}