{"mean":{"confidence_interval":{"confidence_level":0.95,"lower_bound":60273910.195999995,"upper_bound":60833402.48},"point_estimate":60544105.54,"standard_error":142291.4934240364},"median":{"confidence_interval":{"confidence_level":0.95,"lower_bound":60013996.0,"upper_bound":60358483.5},"point_estimate":60188483.5,"standard_error":91113.17843094414},"median_abs_dev":{"confidence_interval":{"confidence_level":0.95,"lower_bound":663590.250518918,"upper_bound":1170210.9701246023},"point_estimate":820344.8044359684,"standard_error":120773.51405191109},"slope":null,"std_dev":{"confidence_interval":{"confidence_level":0.95,"lower_bound":1138056.2138818116,"upper_bound":1665401.8242222648},"point_estimate":1426983.0803870442,"standard_error":134646.37635531335}}