{"mean":{"confidence_interval":{"confidence_level":0.95,"lower_bound":3604749.86605357,"upper_bound":3609648.256375001},"point_estimate":3607164.4264285727,"standard_error":1251.3203417858585},"median":{"confidence_interval":{"confidence_level":0.95,"lower_bound":3602873.9285714286,"upper_bound":3610969.9285714286},"point_estimate":3606055.5357142854,"standard_error":2056.922649147873},"median_abs_dev":{"confidence_interval":{"confidence_level":0.95,"lower_bound":11483.795796121574,"upper_bound":16553.122806123425},"point_estimate":14099.52574968338,"standard_error":1254.1231326220238},"slope":null,"std_dev":{"confidence_interval":{"confidence_level":0.95,"lower_bound":10684.032058619807,"upper_bound":14477.691606633594},"point_estimate":12555.64227624465,"standard_error":976.9989013105071}}