{"mean":{"confidence_interval":{"confidence_level":0.95,"lower_bound":128870278.64725001,"upper_bound":129224712.86},"point_estimate":129045985.71,"standard_error":91111.67013848473},"median":{"confidence_interval":{"confidence_level":0.95,"lower_bound":128916085.0,"upper_bound":129199503.0},"point_estimate":129068545.5,"standard_error":67352.49997780591},"median_abs_dev":{"confidence_interval":{"confidence_level":0.95,"lower_bound":608317.4409002066,"upper_bound":1115330.3081989288},"point_estimate":805660.3929966688,"standard_error":132492.10510427703},"slope":null,"std_dev":{"confidence_interval":{"confidence_level":0.95,"lower_bound":767499.2927653817,"upper_bound":1060682.0798332046},"point_estimate":917115.2191074857,"standard_error":74468.55151749558}}