{"mean":{"confidence_interval":{"confidence_level":0.95,"lower_bound":22663292.140000004,"upper_bound":22789227.05666666},"point_estimate":22725675.63333333,"standard_error":31957.067728324975},"median":{"confidence_interval":{"confidence_level":0.95,"lower_bound":22636237.333333332,"upper_bound":22759221.333333332},"point_estimate":22711764.0,"standard_error":33119.49957856385},"median_abs_dev":{"confidence_interval":{"confidence_level":0.95,"lower_bound":215651.57917141914,"upper_bound":359679.74201441},"point_estimate":289029.89966869354,"standard_error":35369.75286020088},"slope":null,"std_dev":{"confidence_interval":{"confidence_level":0.95,"lower_bound":268713.19665067235,"upper_bound":370989.4557207601},"point_estimate":321792.863651721,"standard_error":26110.319089190216}}