{"mean":{"confidence_interval":{"confidence_level":0.95,"lower_bound":25151904.11325,"upper_bound":25263147.81125},"point_estimate":25205601.17,"standard_error":28357.970530903243},"median":{"confidence_interval":{"confidence_level":0.95,"lower_bound":25102854.5,"upper_bound":25216182.25},"point_estimate":25166055.5,"standard_error":30655.99332714227},"median_abs_dev":{"confidence_interval":{"confidence_level":0.95,"lower_bound":157090.64079858366,"upper_bound":263277.43464589113},"point_estimate":207386.45496815443,"standard_error":27303.965004213485},"slope":null,"std_dev":{"confidence_interval":{"confidence_level":0.95,"lower_bound":218851.48218250222,"upper_bound":352508.9077839224},"point_estimate":285763.4395354087,"standard_error":34462.4131435333}}