{"mean":{"confidence_interval":{"confidence_level":0.95,"lower_bound":-0.7402091372049431,"upper_bound":-0.6637592638223924},"point_estimate":-0.7047680822163429,"standard_error":0.01959279387121318},"median":{"confidence_interval":{"confidence_level":0.95,"lower_bound":-0.6353077239286264,"upper_bound":-0.5825751201318896},"point_estimate":-0.5983303193203683,"standard_error":0.014624452491500137}}