{"mean":{"confidence_interval":{"confidence_level":0.95,"lower_bound":5159389.482899999,"upper_bound":5159752.113024998},"point_estimate":5159570.125999999,"standard_error":92.45795225916632},"median":{"confidence_interval":{"confidence_level":0.95,"lower_bound":5159335.85,"upper_bound":5159715.15},"point_estimate":5159500.95,"standard_error":97.7015404319396},"median_abs_dev":{"confidence_interval":{"confidence_level":0.95,"lower_bound":773.1758862733841,"upper_bound":1280.892247259893},"point_estimate":958.3526229863921,"standard_error":133.4715861282588},"slope":null,"std_dev":{"confidence_interval":{"confidence_level":0.95,"lower_bound":807.3668846873232,"upper_bound":1033.597563874536},"point_estimate":926.616993504038,"standard_error":57.657800727013466}}