{"mean":{"confidence_interval":{"confidence_level":0.95,"lower_bound":-0.0062571772623386136,"upper_bound":-0.00007228575578865638},"point_estimate":-0.0031760609128670403,"standard_error":0.0015671594660221042},"median":{"confidence_interval":{"confidence_level":0.95,"lower_bound":-0.0034613979274396123,"upper_bound":0.000026283764989365466},"point_estimate":-0.0014762498503736454,"standard_error":0.0008652754330380766}}