{"mean":{"confidence_interval":{"confidence_level":0.95,"lower_bound":58800305.16375,"upper_bound":59422844.36375},"point_estimate":59106012.14,"standard_error":160040.19026184842},"median":{"confidence_interval":{"confidence_level":0.95,"lower_bound":58274623.0,"upper_bound":58912491.0},"point_estimate":58482704.0,"standard_error":187408.93706676285},"median_abs_dev":{"confidence_interval":{"confidence_level":0.95,"lower_bound":764471.5418279171,"upper_bound":1517802.0861536264},"point_estimate":970681.1830669641,"standard_error":204448.38976643927},"slope":null,"std_dev":{"confidence_interval":{"confidence_level":0.95,"lower_bound":1340084.696922034,"upper_bound":1826703.7792177172},"point_estimate":1613246.865597921,"standard_error":123944.28270539232}}