{"mean":{"confidence_interval":{"confidence_level":0.95,"lower_bound":-0.028696518399549092,"upper_bound":-0.021282267134546933},"point_estimate":-0.02494103037188322,"standard_error":0.0018931159251088347},"median":{"confidence_interval":{"confidence_level":0.95,"lower_bound":-0.030083545835060677,"upper_bound":-0.017290027643331873},"point_estimate":-0.02121835057602206,"standard_error":0.0033399725727661545}}