{"mean":{"confidence_interval":{"confidence_level":0.95,"lower_bound":-0.013163917439295875,"upper_bound":-0.00944828041693942},"point_estimate":-0.011314826797788613,"standard_error":0.0009559303897975491},"median":{"confidence_interval":{"confidence_level":0.95,"lower_bound":-0.011632192660632645,"upper_bound":-0.01004038112037664},"point_estimate":-0.010896916989772465,"standard_error":0.00040081165748456744}}