{"mean":{"confidence_interval":{"confidence_level":0.95,"lower_bound":29505060.652625,"upper_bound":29548619.283499997},"point_estimate":29526400.59,"standard_error":11113.710792612455},"median":{"confidence_interval":{"confidence_level":0.95,"lower_bound":29494078.5,"upper_bound":29532096.0},"point_estimate":29510020.75,"standard_error":9660.962363356191},"median_abs_dev":{"confidence_interval":{"confidence_level":0.95,"lower_bound":81373.61150532961,"upper_bound":125151.45287811756},"point_estimate":99666.67128056288,"standard_error":10509.791379302842},"slope":null,"std_dev":{"confidence_interval":{"confidence_level":0.95,"lower_bound":90633.70712900246,"upper_bound":131519.22715009534},"point_estimate":111560.98959475264,"standard_error":10435.069577707307}}