{"mean":{"confidence_interval":{"confidence_level":0.95,"lower_bound":37615096.316,"upper_bound":37822561.7375},"point_estimate":37716390.105,"standard_error":52963.93815112111},"median":{"confidence_interval":{"confidence_level":0.95,"lower_bound":37474829.5,"upper_bound":37762050.0},"point_estimate":37594585.25,"standard_error":64002.08761496732},"median_abs_dev":{"confidence_interval":{"confidence_level":0.95,"lower_bound":354132.34711289406,"upper_bound":618961.767411232},"point_estimate":486484.0467631817,"standard_error":69274.41903115548},"slope":null,"std_dev":{"confidence_interval":{"confidence_level":0.95,"lower_bound":450894.24690066936,"upper_bound":613067.7379697913},"point_estimate":535594.0852983416,"standard_error":41674.59094229375}}