{"mean":{"confidence_interval":{"confidence_level":0.95,"lower_bound":35964449.719124995,"upper_bound":36157539.735},"point_estimate":36061287.83,"standard_error":49123.54704483139},"median":{"confidence_interval":{"confidence_level":0.95,"lower_bound":35892687.0,"upper_bound":36233640.25},"point_estimate":36134438.75,"standard_error":97974.32383080333},"median_abs_dev":{"confidence_interval":{"confidence_level":0.95,"lower_bound":425475.05784630775,"upper_bound":658636.8840068579},"point_estimate":566672.6902395487,"standard_error":59564.39762671566},"slope":null,"std_dev":{"confidence_interval":{"confidence_level":0.95,"lower_bound":429739.6487889347,"upper_bound":550936.9002624594},"point_estimate":492776.392481767,"standard_error":30951.72610403231}}