{"mean":{"confidence_interval":{"confidence_level":0.95,"lower_bound":8377178.738000002,"upper_bound":8415703.208333334},"point_estimate":8396345.52166667,"standard_error":9807.607950318361},"median":{"confidence_interval":{"confidence_level":0.95,"lower_bound":8398420.5,"upper_bound":8425108.166666666},"point_estimate":8412006.833333332,"standard_error":6568.546585278237},"median_abs_dev":{"confidence_interval":{"confidence_level":0.95,"lower_bound":41264.216667414636,"upper_bound":129623.83924871775},"point_estimate":71257.95543491864,"standard_error":24273.42403262068},"slope":null,"std_dev":{"confidence_interval":{"confidence_level":0.95,"lower_bound":83631.45483869144,"upper_bound":113282.72318289976},"point_estimate":98825.29646613152,"standard_error":7596.905880220139}}