{"mean":{"confidence_interval":{"confidence_level":0.95,"lower_bound":4816181.195250001,"upper_bound":4816912.424704547},"point_estimate":4816535.895454545,"standard_error":186.77241946055904},"median":{"confidence_interval":{"confidence_level":0.95,"lower_bound":4815890.454545454,"upper_bound":4816660.409090909},"point_estimate":4816266.2727272725,"standard_error":200.957615785045},"median_abs_dev":{"confidence_interval":{"confidence_level":0.95,"lower_bound":1237.2970689433046,"upper_bound":2059.7357088865674},"point_estimate":1647.370743479717,"standard_error":216.198523555366},"slope":null,"std_dev":{"confidence_interval":{"confidence_level":0.95,"lower_bound":1448.9699712245135,"upper_bound":2347.2580957075825},"point_estimate":1878.5004748349509,"standard_error":235.9179966953442}}