{"mean":{"confidence_interval":{"confidence_level":0.95,"lower_bound":6035308.873222221,"upper_bound":6055561.373666665},"point_estimate":6045598.187777778,"standard_error":5156.413487352618},"median":{"confidence_interval":{"confidence_level":0.95,"lower_bound":6035882.666666667,"upper_bound":6077003.277777778},"point_estimate":6058989.833333334,"standard_error":9812.64250729444},"median_abs_dev":{"confidence_interval":{"confidence_level":0.95,"lower_bound":37648.388017442165,"upper_bound":74281.22388124466},"point_estimate":57845.367673040586,"standard_error":9378.039125662663},"slope":null,"std_dev":{"confidence_interval":{"confidence_level":0.95,"lower_bound":46432.89812153092,"upper_bound":56357.25662040529},"point_estimate":51895.28177447447,"standard_error":2532.1832763729085}}