{"mean":{"confidence_interval":{"confidence_level":0.95,"lower_bound":13524824.475750001,"upper_bound":13561004.9339375},"point_estimate":13542774.2625,"standard_error":9202.945011459718},"median":{"confidence_interval":{"confidence_level":0.95,"lower_bound":13526245.75,"upper_bound":13563800.0},"point_estimate":13546994.75,"standard_error":9364.336290814234},"median_abs_dev":{"confidence_interval":{"confidence_level":0.95,"lower_bound":66270.72695720941,"upper_bound":104970.48736140132},"point_estimate":85008.94664078951,"standard_error":10023.425544600534},"slope":null,"std_dev":{"confidence_interval":{"confidence_level":0.95,"lower_bound":78005.87738945769,"upper_bound":105896.01040217758},"point_estimate":92357.19692905714,"standard_error":7118.050999801702}}