{"mean":{"confidence_interval":{"confidence_level":0.95,"lower_bound":12360770.086749999,"upper_bound":12389771.06915},"point_estimate":12374548.838,"standard_error":7393.628079603444},"median":{"confidence_interval":{"confidence_level":0.95,"lower_bound":12330860.6,"upper_bound":12354943.9},"point_estimate":12333006.5,"standard_error":6370.797715519311},"median_abs_dev":{"confidence_interval":{"confidence_level":0.95,"lower_bound":10654.70471084256,"upper_bound":47682.78731346075},"point_estimate":17615.36332726534,"standard_error":9186.620252602186},"slope":null,"std_dev":{"confidence_interval":{"confidence_level":0.95,"lower_bound":55406.96340262823,"upper_bound":91621.39993256077},"point_estimate":74460.2096490356,"standard_error":9221.930045156741}}