{"mean":{"confidence_interval":{"confidence_level":0.95,"lower_bound":6392085.1741875,"upper_bound":6395735.478},"point_estimate":6393890.0125,"standard_error":933.7281257316043},"median":{"confidence_interval":{"confidence_level":0.95,"lower_bound":6390577.75,"upper_bound":6394816.3125},"point_estimate":6392961.25,"standard_error":1127.590254251565},"median_abs_dev":{"confidence_interval":{"confidence_level":0.95,"lower_bound":6702.64915600419,"upper_bound":11175.745939090848},"point_estimate":8741.22411981225,"standard_error":1140.1731563315973},"slope":null,"std_dev":{"confidence_interval":{"confidence_level":0.95,"lower_bound":7964.1258411632825,"upper_bound":10682.089517285753},"point_estimate":9385.884888524099,"standard_error":694.9391228964321}}