{"mean":{"confidence_interval":{"confidence_level":0.95,"lower_bound":-0.017771199711886586,"upper_bound":-0.00014254300750122606},"point_estimate":-0.009049614772418169,"standard_error":0.004530184920465714},"median":{"confidence_interval":{"confidence_level":0.95,"lower_bound":-0.02773033984432427,"upper_bound":0.011607420304885707},"point_estimate":-0.015473441768245277,"standard_error":0.009642627375731412}}