{"mean":{"confidence_interval":{"confidence_level":0.95,"lower_bound":-0.00625734342236714,"upper_bound":-0.0037032090923653786},"point_estimate":-0.005055596853859923,"standard_error":0.0006431881973982145},"median":{"confidence_interval":{"confidence_level":0.95,"lower_bound":-0.006295683599119584,"upper_bound":-0.0035223305927020165},"point_estimate":-0.005025579768977773,"standard_error":0.0006879434226504099}}