{"mean":{"confidence_interval":{"confidence_level":0.95,"lower_bound":-0.0031878811357057943,"upper_bound":-0.000507236667126518},"point_estimate":-0.0017591735883576431,"standard_error":0.0006833858000620678},"median":{"confidence_interval":{"confidence_level":0.95,"lower_bound":-0.0024628245929878556,"upper_bound":0.0005236184451509196},"point_estimate":-0.0012274638039101449,"standard_error":0.0007537511616182254}}