{"mean":{"confidence_interval":{"confidence_level":0.95,"lower_bound":22729471.85383333,"upper_bound":22911693.340583324},"point_estimate":22804218.136666667,"standard_error":47021.98072277565},"median":{"confidence_interval":{"confidence_level":0.95,"lower_bound":22657463.333333336,"upper_bound":22726075.666666664},"point_estimate":22697241.333333336,"standard_error":17465.832198369055},"median_abs_dev":{"confidence_interval":{"confidence_level":0.95,"lower_bound":110505.23074314368,"upper_bound":207632.69011378105},"point_estimate":153239.80357945335,"standard_error":24462.176546960734},"slope":null,"std_dev":{"confidence_interval":{"confidence_level":0.95,"lower_bound":194258.38073158087,"upper_bound":747969.2900096542},"point_estimate":472098.0141646434,"standard_error":177769.2741724697}}