{"mean":{"confidence_interval":{"confidence_level":0.95,"lower_bound":14634492.569625,"upper_bound":14649229.4731875},"point_estimate":14641701.8725,"standard_error":3757.063073337175},"median":{"confidence_interval":{"confidence_level":0.95,"lower_bound":14625516.25,"upper_bound":14645503.5},"point_estimate":14635183.375,"standard_error":4871.946114748702},"median_abs_dev":{"confidence_interval":{"confidence_level":0.95,"lower_bound":29192.022831737995,"upper_bound":46253.598003834486},"point_estimate":39182.33742937446,"standard_error":4307.9069967838095},"slope":null,"std_dev":{"confidence_interval":{"confidence_level":0.95,"lower_bound":31236.538230652706,"upper_bound":43912.68398938625},"point_estimate":37761.413151022854,"standard_error":3259.012171665953}}