{"mean":{"confidence_interval":{"confidence_level":0.95,"lower_bound":25743195.321875002,"upper_bound":26067870.9295},"point_estimate":25881749.295,"standard_error":84052.77931218622},"median":{"confidence_interval":{"confidence_level":0.95,"lower_bound":25697605.5,"upper_bound":25842805.25},"point_estimate":25746394.5,"standard_error":39933.3795845001},"median_abs_dev":{"confidence_interval":{"confidence_level":0.95,"lower_bound":278268.26243475085,"upper_bound":421133.6344733834},"point_estimate":336105.7846829295,"standard_error":38186.115758337204},"slope":null,"std_dev":{"confidence_interval":{"confidence_level":0.95,"lower_bound":279870.43116485036,"upper_bound":1285909.0540768558},"point_estimate":843319.8374243279,"standard_error":273174.32226870017}}