{"mean":{"confidence_interval":{"confidence_level":0.95,"lower_bound":-0.12500765516935736,"upper_bound":-0.11814139200749985},"point_estimate":-0.12100554778562,"standard_error":0.0017876199203438223},"median":{"confidence_interval":{"confidence_level":0.95,"lower_bound":-0.11998481033724151,"upper_bound":-0.11823959978855181},"point_estimate":-0.1190349037051982,"standard_error":0.0004359820566497017}}