{"mean":{"confidence_interval":{"confidence_level":0.95,"lower_bound":-0.1256211562425369,"upper_bound":-0.12237211289911232},"point_estimate":-0.12407594301103275,"standard_error":0.000829672078519459},"median":{"confidence_interval":{"confidence_level":0.95,"lower_bound":-0.12618332236764596,"upper_bound":-0.12095594717987558},"point_estimate":-0.12302446377707499,"standard_error":0.0012645635005205517}}