{"mean":{"confidence_interval":{"confidence_level":0.95,"lower_bound":32951313.395124998,"upper_bound":33008096.857249998},"point_estimate":32978193.325,"standard_error":14441.19672598458},"median":{"confidence_interval":{"confidence_level":0.95,"lower_bound":32913107.25,"upper_bound":32977070.0},"point_estimate":32937723.75,"standard_error":16035.916464086551},"median_abs_dev":{"confidence_interval":{"confidence_level":0.95,"lower_bound":76653.3838391304,"upper_bound":128307.90822207928},"point_estimate":97381.98472112417,"standard_error":13290.914928765016},"slope":null,"std_dev":{"confidence_interval":{"confidence_level":0.95,"lower_bound":104576.49645188692,"upper_bound":182760.63860969766},"point_estimate":144692.7149463906,"standard_error":20164.964609699477}}