{"mean":{"confidence_interval":{"confidence_level":0.95,"lower_bound":-0.003607805161290628,"upper_bound":0.00969490227428249},"point_estimate":0.0033560716563993953,"standard_error":0.003404416621144247},"median":{"confidence_interval":{"confidence_level":0.95,"lower_bound":0.002881139757904938,"upper_bound":0.013030948179262092},"point_estimate":0.007787690646764878,"standard_error":0.002578664029076204}}