{"mean":{"confidence_interval":{"confidence_level":0.95,"lower_bound":-0.014179977263026316,"upper_bound":-0.011428902182707291},"point_estimate":-0.01280281056010224,"standard_error":0.0007053392032140644},"median":{"confidence_interval":{"confidence_level":0.95,"lower_bound":-0.012897604673796637,"upper_bound":-0.010364327953296337},"point_estimate":-0.011981976426962193,"standard_error":0.0007082354637131322}}