{"mean":{"confidence_interval":{"confidence_level":0.95,"lower_bound":17568837.22658333,"upper_bound":17609990.446416676},"point_estimate":17588812.566666666,"standard_error":10518.311615239842},"median":{"confidence_interval":{"confidence_level":0.95,"lower_bound":17527009.166666664,"upper_bound":17556745.166666668},"point_estimate":17546629.5,"standard_error":7909.060911847649},"median_abs_dev":{"confidence_interval":{"confidence_level":0.95,"lower_bound":36815.84841638804,"upper_bound":90477.64019369894},"point_estimate":64790.60724973586,"standard_error":12409.789290288185},"slope":null,"std_dev":{"confidence_interval":{"confidence_level":0.95,"lower_bound":86795.33390509879,"upper_bound":121930.53946392167},"point_estimate":105564.10343663453,"standard_error":8997.24294253039}}