{"mean":{"confidence_interval":{"confidence_level":0.95,"lower_bound":0.010671521544564137,"upper_bound":0.014281455056217807},"point_estimate":0.012447936585028518,"standard_error":0.0009129057314830909},"median":{"confidence_interval":{"confidence_level":0.95,"lower_bound":0.009913928189172028,"upper_bound":0.012426222209303894},"point_estimate":0.011176292377698571,"standard_error":0.0006241895574130423}}