{"mean":{"confidence_interval":{"confidence_level":0.95,"lower_bound":4730504.653659091,"upper_bound":4731011.582795453},"point_estimate":4730756.13909091,"standard_error":129.2921014092788},"median":{"confidence_interval":{"confidence_level":0.95,"lower_bound":4730358.681818182,"upper_bound":4730989.545454545},"point_estimate":4730590.454545455,"standard_error":174.07670102681524},"median_abs_dev":{"confidence_interval":{"confidence_level":0.95,"lower_bound":891.6491023520077,"upper_bound":1388.320093534335},"point_estimate":1141.534588825372,"standard_error":125.63342238692414},"slope":null,"std_dev":{"confidence_interval":{"confidence_level":0.95,"lower_bound":1086.1383872024603,"upper_bound":1492.5465434176856},"point_estimate":1297.7935219520612,"standard_error":103.68480261498148}}