{"mean":{"confidence_interval":{"confidence_level":0.95,"lower_bound":22143073.670999993,"upper_bound":22189517.26108333},"point_estimate":22165466.616666663,"standard_error":11864.782013976388},"median":{"confidence_interval":{"confidence_level":0.95,"lower_bound":22109003.333333332,"upper_bound":22156275.666666668},"point_estimate":22117714.5,"standard_error":13482.124014586116},"median_abs_dev":{"confidence_interval":{"confidence_level":0.95,"lower_bound":63193.84707808402,"upper_bound":123564.89175878558},"point_estimate":94168.57282817179,"standard_error":16720.012950743105},"slope":null,"std_dev":{"confidence_interval":{"confidence_level":0.95,"lower_bound":92248.38449590815,"upper_bound":145143.75026715433},"point_estimate":119258.15118800876,"standard_error":13667.832162786835}}