{"mean":{"confidence_interval":{"confidence_level":0.95,"lower_bound":0.004358851803222353,"upper_bound":0.02001028138964639},"point_estimate":0.012350386314881723,"standard_error":0.0039937697724342115},"median":{"confidence_interval":{"confidence_level":0.95,"lower_bound":0.0028991330448284724,"upper_bound":0.017096138885220213},"point_estimate":0.007685885887158683,"standard_error":0.0038381417069363105}}