{"mean":{"confidence_interval":{"confidence_level":0.95,"lower_bound":3894928.3419999983,"upper_bound":3895309.707903847},"point_estimate":3895115.1838461543,"standard_error":97.45611007176227},"median":{"confidence_interval":{"confidence_level":0.95,"lower_bound":3894702.846153846,"upper_bound":3895191.884615385},"point_estimate":3894977.923076923,"standard_error":129.53591076218473},"median_abs_dev":{"confidence_interval":{"confidence_level":0.95,"lower_bound":624.9158889055166,"upper_bound":1179.0661406058798},"point_estimate":911.6279145844406,"standard_error":146.9935420463492},"slope":null,"std_dev":{"confidence_interval":{"confidence_level":0.95,"lower_bound":825.202453437728,"upper_bound":1112.7205548425522},"point_estimate":977.2252963198862,"standard_error":73.44356277737869}}