{"mean":{"confidence_interval":{"confidence_level":0.95,"lower_bound":-0.015020747661939162,"upper_bound":-0.0017923629334980263},"point_estimate":-0.00857487962565573,"standard_error":0.0033658982941918787},"median":{"confidence_interval":{"confidence_level":0.95,"lower_bound":-0.0037958409109334346,"upper_bound":0.0024991922018135905},"point_estimate":-0.00018581177305643237,"standard_error":0.0015246278359495914}}