{"mean":{"confidence_interval":{"confidence_level":0.95,"lower_bound":-0.014430715287783433,"upper_bound":-0.007649062045995797},"point_estimate":-0.011074451162333077,"standard_error":0.0016913934878911754},"median":{"confidence_interval":{"confidence_level":0.95,"lower_bound":-0.018679269611688976,"upper_bound":0.001980196659531641},"point_estimate":-0.0010444573728324302,"standard_error":0.005718885942941848}}