{"mean":{"confidence_interval":{"confidence_level":0.95,"lower_bound":20827084.10366666,"upper_bound":20931846.54741666},"point_estimate":20879695.259999994,"standard_error":26729.918822474276},"median":{"confidence_interval":{"confidence_level":0.95,"lower_bound":20820957.833333336,"upper_bound":20950292.666666668},"point_estimate":20890226.5,"standard_error":29720.7701379334},"median_abs_dev":{"confidence_interval":{"confidence_level":0.95,"lower_bound":199678.29415500347,"upper_bound":305223.8449811954},"point_estimate":249262.8618746996,"standard_error":27100.304639437454},"slope":null,"std_dev":{"confidence_interval":{"confidence_level":0.95,"lower_bound":229503.98142299507,"upper_bound":302857.73964299355},"point_estimate":268398.74617445446,"standard_error":18651.51361942178}}