{"mean":{"confidence_interval":{"confidence_level":0.95,"lower_bound":18039015.347583335,"upper_bound":18287315.702833332},"point_estimate":18165249.660000004,"standard_error":63326.38125479265},"median":{"confidence_interval":{"confidence_level":0.95,"lower_bound":17918115.5,"upper_bound":18478009.0},"point_estimate":18094737.5,"standard_error":127977.80213442011},"median_abs_dev":{"confidence_interval":{"confidence_level":0.95,"lower_bound":455785.80737568263,"upper_bound":745307.2074681558},"point_estimate":663281.128424406,"standard_error":67931.28968587909},"slope":null,"std_dev":{"confidence_interval":{"confidence_level":0.95,"lower_bound":514278.4784115868,"upper_bound":762581.3135404629},"point_estimate":634780.8730829859,"standard_error":64239.873762933545}}