{"mean":{"confidence_interval":{"confidence_level":0.95,"lower_bound":-0.07135787402435108,"upper_bound":-0.06786980187908208},"point_estimate":-0.06967361872231226,"standard_error":0.000890068893993282},"median":{"confidence_interval":{"confidence_level":0.95,"lower_bound":-0.07071534062143292,"upper_bound":-0.06839289880700454},"point_estimate":-0.06907503886369992,"standard_error":0.0005704871831910604}}