{"mean":{"confidence_interval":{"confidence_level":0.95,"lower_bound":46404928.73,"upper_bound":46484741.061375},"point_estimate":46444634.81,"standard_error":20369.244340771587},"median":{"confidence_interval":{"confidence_level":0.95,"lower_bound":46392011.0,"upper_bound":46501201.25},"point_estimate":46448767.75,"standard_error":28087.996907525172},"median_abs_dev":{"confidence_interval":{"confidence_level":0.95,"lower_bound":156299.76637512445,"upper_bound":261940.5742496252},"point_estimate":208738.5861441493,"standard_error":26277.434326225197},"slope":null,"std_dev":{"confidence_interval":{"confidence_level":0.95,"lower_bound":177782.63714579237,"upper_bound":229454.74028064203},"point_estimate":204958.58406710325,"standard_error":13218.887224983404}}