{"mean":{"confidence_interval":{"confidence_level":0.95,"lower_bound":119707482.90725,"upper_bound":120963956.13675},"point_estimate":120355386.49,"standard_error":320309.14531142445},"median":{"confidence_interval":{"confidence_level":0.95,"lower_bound":121083063.0,"upper_bound":121728856.0},"point_estimate":121517078.0,"standard_error":143431.84506194573},"median_abs_dev":{"confidence_interval":{"confidence_level":0.95,"lower_bound":968622.5930035114,"upper_bound":1687766.605836153},"point_estimate":1265188.5483384132,"standard_error":191287.17691981376},"slope":null,"std_dev":{"confidence_interval":{"confidence_level":0.95,"lower_bound":2645801.721028332,"upper_bound":3660615.927655671},"point_estimate":3217805.2737881355,"standard_error":260212.97500607235}}