{"mean":{"confidence_interval":{"confidence_level":0.95,"lower_bound":0.0030885357819532056,"upper_bound":0.01391812988875538},"point_estimate":0.008670276404526556,"standard_error":0.0027553785669077583},"median":{"confidence_interval":{"confidence_level":0.95,"lower_bound":0.004576875532387392,"upper_bound":0.01354334206717489},"point_estimate":0.00839580269918283,"standard_error":0.002456833440373007}}