{"mean":{"confidence_interval":{"confidence_level":0.95,"lower_bound":5653100.122166665,"upper_bound":5653716.896249997},"point_estimate":5653405.447777777,"standard_error":158.00648867700366},"median":{"confidence_interval":{"confidence_level":0.95,"lower_bound":5652683.888888889,"upper_bound":5653516.111111111},"point_estimate":5652989.666666667,"standard_error":196.0212987867409},"median_abs_dev":{"confidence_interval":{"confidence_level":0.95,"lower_bound":1111.779069428785,"upper_bound":2050.6890410920987},"point_estimate":1638.9319042372426,"standard_error":237.72639413156085},"slope":null,"std_dev":{"confidence_interval":{"confidence_level":0.95,"lower_bound":1389.9020433525186,"upper_bound":1759.499437574808},"point_estimate":1589.1567626339652,"standard_error":94.37670547360678}}