{"mean":{"confidence_interval":{"confidence_level":0.95,"lower_bound":13680782.246937498,"upper_bound":13743531.466374999},"point_estimate":13711281.985,"standard_error":15990.181168819556},"median":{"confidence_interval":{"confidence_level":0.95,"lower_bound":13655035.75,"upper_bound":13710141.5},"point_estimate":13671450.25,"standard_error":19159.384811001342},"median_abs_dev":{"confidence_interval":{"confidence_level":0.95,"lower_bound":102103.69498729706,"upper_bound":169765.48063606024},"point_estimate":128174.4742244482,"standard_error":17337.851457493303},"slope":null,"std_dev":{"confidence_interval":{"confidence_level":0.95,"lower_bound":129067.2819390934,"upper_bound":189393.40542020794},"point_estimate":160444.75781263967,"standard_error":15441.700838838064}}