{"mean":{"confidence_interval":{"confidence_level":0.95,"lower_bound":17528507.431333337,"upper_bound":17626997.92958334},"point_estimate":17577590.1,"standard_error":25117.33473799273},"median":{"confidence_interval":{"confidence_level":0.95,"lower_bound":17517975.333333332,"upper_bound":17624313.0},"point_estimate":17586879.666666668,"standard_error":31827.910248295895},"median_abs_dev":{"confidence_interval":{"confidence_level":0.95,"lower_bound":195528.9910286665,"upper_bound":301779.7652423345},"point_estimate":249192.93257594202,"standard_error":27599.585252168403},"slope":null,"std_dev":{"confidence_interval":{"confidence_level":0.95,"lower_bound":216898.70888514858,"upper_bound":284434.667371194},"point_estimate":252533.52142060234,"standard_error":17260.876392005022}}