{"mean":{"confidence_interval":{"confidence_level":0.95,"lower_bound":0.011041850533465469,"upper_bound":0.015517687071514371},"point_estimate":0.013329183424981128,"standard_error":0.0011417456587721406},"median":{"confidence_interval":{"confidence_level":0.95,"lower_bound":0.009573952569257938,"upper_bound":0.016884282178929233},"point_estimate":0.014103963775987438,"standard_error":0.0017893503460174928}}