{"mean":{"confidence_interval":{"confidence_level":0.95,"lower_bound":21523802.628333323,"upper_bound":21588385.321583327},"point_estimate":21555304.179999996,"standard_error":16488.22333091824},"median":{"confidence_interval":{"confidence_level":0.95,"lower_bound":21458675.0,"upper_bound":21586114.333333332},"point_estimate":21537269.333333332,"standard_error":31659.730022165975},"median_abs_dev":{"confidence_interval":{"confidence_level":0.95,"lower_bound":121985.113534335,"upper_bound":210529.19626236515},"point_estimate":171151.34096145353,"standard_error":22114.532473905656},"slope":null,"std_dev":{"confidence_interval":{"confidence_level":0.95,"lower_bound":133854.3862672685,"upper_bound":195708.81367053554},"point_estimate":165016.88096438212,"standard_error":15931.226304882464}}