{"mean":{"confidence_interval":{"confidence_level":0.95,"lower_bound":0.009885967244939693,"upper_bound":0.017959361247813097},"point_estimate":0.014106407679272737,"standard_error":0.002063302655637415},"median":{"confidence_interval":{"confidence_level":0.95,"lower_bound":0.012417887209725365,"upper_bound":0.02468374060871681},"point_estimate":0.020002245164599586,"standard_error":0.003081224840949615}}