{"mean":{"confidence_interval":{"confidence_level":0.95,"lower_bound":68909020.8925,"upper_bound":69431325.48875001},"point_estimate":69159716.96,"standard_error":133814.59359416235},"median":{"confidence_interval":{"confidence_level":0.95,"lower_bound":68600461.0,"upper_bound":69105109.0},"point_estimate":68761995.0,"standard_error":147875.167868835},"median_abs_dev":{"confidence_interval":{"confidence_level":0.95,"lower_bound":657269.9268311262,"upper_bound":1092923.200289234},"point_estimate":841925.5296528339,"standard_error":109624.14816284197},"slope":null,"std_dev":{"confidence_interval":{"confidence_level":0.95,"lower_bound":1043261.0981602346,"upper_bound":1597004.763194981},"point_estimate":1346836.577382202,"standard_error":141321.56063256413}}