{"mean":{"confidence_interval":{"confidence_level":0.95,"lower_bound":20908385.395500008,"upper_bound":20936104.46175},"point_estimate":20922509.96666667,"standard_error":7075.852998590298},"median":{"confidence_interval":{"confidence_level":0.95,"lower_bound":20914012.166666668,"upper_bound":20948792.333333332},"point_estimate":20935671.166666668,"standard_error":10132.584228432077},"median_abs_dev":{"confidence_interval":{"confidence_level":0.95,"lower_bound":48277.6558429012,"upper_bound":83772.43355274187},"point_estimate":64337.178757787675,"standard_error":9459.041462843787},"slope":null,"std_dev":{"confidence_interval":{"confidence_level":0.95,"lower_bound":60227.56367029719,"upper_bound":80778.29110506066},"point_estimate":71161.1533232978,"standard_error":5244.0416206627215}}