{"mean":{"confidence_interval":{"confidence_level":0.95,"lower_bound":12727218.27545,"upper_bound":12747050.975500006},"point_estimate":12736998.108,"standard_error":5061.218534664097},"median":{"confidence_interval":{"confidence_level":0.95,"lower_bound":12717643.5,"upper_bound":12741436.0},"point_estimate":12728441.9,"standard_error":6841.845226837608},"median_abs_dev":{"confidence_interval":{"confidence_level":0.95,"lower_bound":32498.88794302968,"upper_bound":59199.03086900739},"point_estimate":43698.89292418957,"standard_error":6859.438688968454},"slope":null,"std_dev":{"confidence_interval":{"confidence_level":0.95,"lower_bound":43630.98710726592,"upper_bound":56289.97428029706},"point_estimate":50545.31139588519,"standard_error":3228.5742257779903}}