{"mean":{"confidence_interval":{"confidence_level":0.95,"lower_bound":24981286.579,"upper_bound":25045193.735875003},"point_estimate":25011954.22,"standard_error":16277.179323136794},"median":{"confidence_interval":{"confidence_level":0.95,"lower_bound":24919475.75,"upper_bound":24943123.0},"point_estimate":24925787.5,"standard_error":6857.114790472488},"median_abs_dev":{"confidence_interval":{"confidence_level":0.95,"lower_bound":30750.97670406103,"upper_bound":80548.9152699709},"point_estimate":40814.49467539787,"standard_error":13444.527656596605},"slope":null,"std_dev":{"confidence_interval":{"confidence_level":0.95,"lower_bound":131191.4746290901,"upper_bound":190867.36276751556},"point_estimate":162983.14751913474,"standard_error":15232.37072948712}}