{"mean":{"confidence_interval":{"confidence_level":0.95,"lower_bound":16851598.10775001,"upper_bound":16869501.485999994},"point_estimate":16860445.640000004,"standard_error":4566.033444877949},"median":{"confidence_interval":{"confidence_level":0.95,"lower_bound":16844908.666666668,"upper_bound":16865883.333333336},"point_estimate":16858414.166666664,"standard_error":4545.932660511777},"median_abs_dev":{"confidence_interval":{"confidence_level":0.95,"lower_bound":33659.22010242755,"upper_bound":52867.29116141796},"point_estimate":42531.345444914914,"standard_error":4744.6985240413605},"slope":null,"std_dev":{"confidence_interval":{"confidence_level":0.95,"lower_bound":39111.47854775415,"upper_bound":51827.94002911018},"point_estimate":45866.50144811767,"standard_error":3250.942000657809}}