{"mean":{"confidence_interval":{"confidence_level":0.95,"lower_bound":18473140.710833322,"upper_bound":18667517.703583334},"point_estimate":18572653.729999997,"standard_error":49570.9180276598},"median":{"confidence_interval":{"confidence_level":0.95,"lower_bound":18318507.166666664,"upper_bound":18728186.0},"point_estimate":18614233.833333336,"standard_error":122107.01119264607},"median_abs_dev":{"confidence_interval":{"confidence_level":0.95,"lower_bound":351130.21189369267,"upper_bound":612131.4293324947},"point_estimate":506624.42610561295,"standard_error":70133.94638094032},"slope":null,"std_dev":{"confidence_interval":{"confidence_level":0.95,"lower_bound":385454.509565466,"upper_bound":633278.4680933324},"point_estimate":500522.97432170785,"standard_error":65669.94964670559}}