{"mean":{"confidence_interval":{"confidence_level":0.95,"lower_bound":12622478.91625,"upper_bound":12651494.52775},"point_estimate":12636462.63,"standard_error":7415.510117896052},"median":{"confidence_interval":{"confidence_level":0.95,"lower_bound":12600263.0,"upper_bound":12607714.5},"point_estimate":12603328.75,"standard_error":2190.7378400361895},"median_abs_dev":{"confidence_interval":{"confidence_level":0.95,"lower_bound":12837.230865843598,"upper_bound":53366.186052560806},"point_estimate":20851.286029815674,"standard_error":8471.414520600507},"slope":null,"std_dev":{"confidence_interval":{"confidence_level":0.95,"lower_bound":59224.96073564986,"upper_bound":86764.89219631959},"point_estimate":74032.68466307515,"standard_error":7053.039787995839}}