{"mean":{"confidence_interval":{"confidence_level":0.95,"lower_bound":15463946.372625,"upper_bound":15501361.049875},"point_estimate":15482343.2975,"standard_error":9532.363369888708},"median":{"confidence_interval":{"confidence_level":0.95,"lower_bound":15453711.0,"upper_bound":15490873.5},"point_estimate":15470203.25,"standard_error":9268.944681103032},"median_abs_dev":{"confidence_interval":{"confidence_level":0.95,"lower_bound":67412.33820319176,"upper_bound":120805.39638027549},"point_estimate":94420.6765986979,"standard_error":13762.654084875356},"slope":null,"std_dev":{"confidence_interval":{"confidence_level":0.95,"lower_bound":81838.7938145892,"upper_bound":107937.93908309784},"point_estimate":95702.31970915993,"standard_error":6679.464453858374}}